{
  "employees": [
    {
      "id": 2,
      "employee_name": "pranavdaya",
      "employee_email": "pranav@gmail.com",
      "employee_salary": "15000",
      "employee_age": "20"
    },
    {
      "id": 6,
      "employee_name": "dayalan",
      "employee_email": "dayalan@gmail.com",
      "employee_salary": "57000",
      "employee_age": "45"
    },
    {
      "id": 10,
      "employee_name": "vani",
      "employee_email": "vani@gmail.com",
      "employee_salary": "60000",
      "employee_age": "47"
    },
    {
      "id": 5,
      "employee_name": "sakthi",
      "employee_email": "sakthi@gmail.com",
      "employee_salary": "50000",
      "employee_age": "22"
    },
    {
      "id": 12,
      "employee_name": "sss",
      "employee_email": "sss@gmail.com",
      "employee_salary": "15000",
      "employee_age": "22"
    }
  ],
  "admin": [
    {
      "email": "sneha@gmail.com",
      "password": "sneha@123",
      "id": 1
    }
  ]
}