<?xml version="1.0" encoding="UTF-8"?>
<!DOCTYPE suite SYSTEM "https://testng.org/testng-1.0.dtd">
<!-- <suite name="Suite">
  <test thread-count="5" name="Test">
    <classes>
      <class name="testng.dependent.SuperClass"/>
      <class name="testng.group.GroupTestNG"/>
      <class name="testng.annotations.AnnotationPrograms"/>
      <class name="testng.annotations.TestPriority"/>
      <class name="testng.dependent.DependsOnGroup"/>
      <class name="testng.parallel.TestParallelClassTwo"/>
      <class name="testng.annotations.ClassLevel"/>
      <class name="testng.dependent.InheritDependency"/>
      <class name="testng.dependent.GroupDependency"/>
      <class name="testng.dependent.MultipleDependency"/>
      <class name="testng.parallel.TestParallelClassOne"/>
      <class name="testng.group.IncludeExcludeGroup"/>
      <class name="testng.parallel.ParallelTestMethods"/>
      <class name=".NewTest"/>
      <class name="testng.dependent.DependsOnTest"/>
      <class name="testng.parallel.ParallelTests"/>
    </classes>
  </test> 
</suite> -->

 <!-- <suite name="Test-Suite" >
   <test name="ToolsQA" >
       <classes> 
          <class name="NewTest" />
          <class name="testng.annotations.AnnotationPrograms" />
       </classes>
   </test>
 </suite> -->
 
 <!-- The below test-suit is for Grouping of test cases  -->
 <!-- <suite name="Test-Suite" >
   <test name="ToolsQA" >
   <groups>
   <run>
   <include name = "demo"></include>
   </run>
   </groups>
       <classes> 
          <class name="testng.group.GroupTestNG" />
       </classes>
   </test>
 </suite> --> 
 
 <!-- Include/ Exclude Test groups -->
 <!-- <suite name="Group of group Suite" verbose="1">
  <test name="Group of group Test">
    <groups>
      <define name="include-group">
        <include name="include-test-one" />
        <include name="include-test-two" />
      </define>
      <define name="exclude-group">
        <include name="test-one-exclude" />
        <include name="test-two-exclude" />
      </define>
      <run>
        <include name="include-group" />
        <exclude name="exclude-group" />
      </run>
    </groups>
    <classes>
      <class name="testng.group.IncludeExcludeGroup" />
    </classes>
  </test>
</suite> 
 --> 
 
 <!-- Group Dependency -->
 <!-- <suite name="TestNG XML Dependency Suite" >
   <test name="ToolsQA" >
   <groups>
	   <dependencies>
	   <dependency>
		   <group depends-on= "openbrowser" name= "login"></group>
		   <group depends-on= "login" name= "viewaccount"></group>
		   <group depends-on= "viewaccount" name= "logout"></group>
		   </dependency>
		   
		   <dependency>
        <groupId>org.testng</groupId>
        <artifactId>testng</artifactId>
        <version>7.6.1</version>
        <scope>test</scope>
    </dependency>
	   </dependencies>
   </groups>
       <classes> 
          <class name="testng.dependent.GroupDependency" />
       </classes>
   </test>
 </suite> -->
 
 
 <!-- Parallel Methods  -->
 <!-- <suite name="TestSuite" thread-count="3" parallel="methods" >
	<test name="testGuru">
		<classes>
		<class name="testng.parallel.ParallelTestMethods">
		</class>
		</classes>
	</test>
</suite> -->


<!-- Parallel Classes -->
<!-- <suite name="Parallel test suite" parallel="classes" thread-count="2">
  <test name="Test 1">
    <classes>
      <class name="testng.parallel.TestParallelClassOne"/>
      <class name="testng.parallel.TestParallelClassTwo"/>
    </classes>
  </test>
</suite> -->

<!--  Parallel Tests -->
<!-- <suite name = "Parallel Testing Suite" parallel = "tests" thread-count = "2">
   <test name = "Parallel Tests1">
      <classes>
         <class name = "testng.parallel.ParallelTests" />
      </classes>
   </test>
   <test name = "Parallel Tests2">
      <classes>
         <class name = "testng.parallel.ParallelTests" />
      </classes>
   </test>
</suite>  -->

<suite name="Main Test Suite" parallel="tests" verbose="1">
    <test name="Grid firefox Test">
    <parameter name="browser" value="firefox"/>
        <classes>
        <class name="selenium.grid.ParallelTestA"/>
        </classes>
    </test>
    <test name="Grid chrome Test">
    <parameter name="browser" value="chrome"/>
        <classes>
        <class name="selenium.grid.ParallelTestB"/>
        </classes>
    </test>
</suite>


 
